{
 "state": [
  4, 
  6, 
  7, 
  8, 
  9, 
  10, 
  13, 
  17, 
  18, 
  34, 
  35, 
  36, 
  38, 
  39, 
  47
 ], 
 "weights": [
  0.032702763932940644, 
  0.03427226501535518, 
  0.0446017721391532, 
  0.04012988974475155, 
  0.1371532497608619, 
  0.04931027538639682, 
  0.06719151185621508, 
  0.05546996928963399, 
  0.07878845088858683, 
  0.0625358707143936, 
  0.078604692141167, 
  0.063560388662337, 
  0.06724437396163722, 
  0.06941801339173337, 
  0.11901651311483663
 ], 
 "name": "read_from_plc"
}