{
 "state": [
  0, 
  1, 
  2, 
  3, 
  5, 
  6, 
  7, 
  8, 
  9, 
  10, 
  11, 
  12, 
  13, 
  26, 
  27, 
  28, 
  29, 
  42, 
  43, 
  44
 ], 
 "weights": [
  0.024477069942252183, 
  0.02644860583075175, 
  0.027436449643148494, 
  0.03684515223418531, 
  0.029343625694811235, 
  0.03224081974680126, 
  0.05229555269741412, 
  0.037624335638547786, 
  0.14690640645722544, 
  0.04542483825867316, 
  0.042449131016881664, 
  0.04706104968267128, 
  0.03801559672260658, 
  0.052794420822456084, 
  0.05086376776742679, 
  0.051231469670389475, 
  0.0998622343192536, 
  0.05507829489053275, 
  0.05700038854804501, 
  0.04660079041592602
 ], 
 "name": "write_title"
}